Setup title,"I/V Sweep_check"
Classic test name,"I/V Sweep"
Test date,3/15/2023
Test time,17:52:21
Device ID,2
Count,12
Flags,
Remarks,
Context.MainFrame,B1500A
Channel.UnitType,SMU,SMU
Channel.Unit,SMU4:HR,SMU3:HR
Channel.IName,I1,l2
Channel.VName,V1,V2
Channel.Mode,V,COMMON
Channel.Func,VAR1,CONST
Channel.Index,
Channel.Time,
Measurement.Port.Unit,SMU4:HR,SMU3:HR
Measurement.Port.SeriesResistor,NONE,NONE
Measurement.Port.Filter,ON,ON
Measurement.Port.OutputVoltageComparison,0,0
Measurement.Primary.Locus,Double
Measurement.Primary.Scale,LINEAR
Measurement.Primary.Start,0
Measurement.Primary.Stop,1
Measurement.Primary.Step,0.01
Measurement.Primary.Compliance,5E-05
Measurement.Primary.PowerCompliance,0
Measurement.Aborting.Condition,"CONTINUE AT ANY"
Measurement.PostOutput.Value,START
Measurement.PostOutput.Retention,OFF
Measurement.Bias.Source,0,0
Measurement.Bias.Compliance,5E-05,0.1
Measurement.Monitor.Unit,SMU4:HR,SMU3:HR
Measurement.Monitor.Adc,"HR ADC","HR ADC"
Measurement.Monitor.Measurement,"Compliance Side","Compliance Side"
Measurement.Monitor.RangingMode,LIMITED,LIMITED
Measurement.Monitor.RangeBoundary,1nA,1nA
Measurement.Monitor.RangeRating,"BY FULL RANGE","BY FULL RANGE"
Measurement.Monitor.RangeRatingCoeff,50,50
Measurement.Timing.Hold,0
Measurement.Timing.Delay,0
Measurement.Adc.HighSpeed.Mode,PLC
Measurement.Adc.HighSpeed.Coeff,10
Measurement.Adc.HighResolution.AutoZero,OFF
Measurement.Adc.HighResolution.Mode,PLC
Measurement.Adc.HighResolution.Coeff,10
Measurement.WaitTime.Source.Coeff,1
Measurement.WaitTime.Source.Offset,0
Measurement.WaitTime.Monitor.Coeff,1
Measurement.WaitTime.Monitor.Offset,0
Output.Graph.Enabled,true
Output.Graph.AutoScaling,false
Output.Graph.XAxis.Data,V1
Output.Graph.XAxis.Scale,Linear
Output.Graph.XAxis.Left,-1
Output.Graph.XAxis.Right,1
Output.Graph.XAxis.RunTimeAutoScale,true
Output.Graph.YAxis.Data,I1
Output.Graph.YAxis.Scale,Linear
Output.Graph.YAxis.Bottom,-0.1
Output.Graph.YAxis.Top,0.1
Output.Graph.YAxis.Group,
Output.Graph.YAxis.RunTimeAutoScale,true
AutoAnalysis.Interpolation,false
AutoAnalysis.Line1.Enabled,false
AutoAnalysis.Line1.Type,1
AutoAnalysis.Line1.Fix,True
AutoAnalysis.Line1.YAxis,0
AutoAnalysis.Line1.Point1.Type,0
AutoAnalysis.Line1.Point1.XY.X,
AutoAnalysis.Line1.Point1.XY.Y,
AutoAnalysis.Line1.Point1.Data.Var,
AutoAnalysis.Line1.Point1.Data.Condition,
AutoAnalysis.Line1.Point1.Data.Start,false
AutoAnalysis.Line1.Point1.Data.StartVar,
AutoAnalysis.Line1.Point1.Data.StartCondition,
AutoAnalysis.Line1.Point2.Type,0
AutoAnalysis.Line1.Point2.XY.X,
AutoAnalysis.Line1.Point2.XY.Y,
AutoAnalysis.Line1.Point2.Data.Var,
AutoAnalysis.Line1.Point2.Data.Condition,
AutoAnalysis.Line1.Point2.Data.Start,false
AutoAnalysis.Line1.Point2.Data.StartVar,
AutoAnalysis.Line1.Point2.Data.StartCondition,
AutoAnalysis.Line1.GradientExpr,0
AutoAnalysis.Line2.Enabled,false
AutoAnalysis.Line2.Type,1
AutoAnalysis.Line2.Fix,True
AutoAnalysis.Line2.YAxis,0
AutoAnalysis.Line2.Point1.Type,0
AutoAnalysis.Line2.Point1.XY.X,
AutoAnalysis.Line2.Point1.XY.Y,
AutoAnalysis.Line2.Point1.Data.Var,
AutoAnalysis.Line2.Point1.Data.Condition,
AutoAnalysis.Line2.Point1.Data.Start,false
AutoAnalysis.Line2.Point1.Data.StartVar,
AutoAnalysis.Line2.Point1.Data.StartCondition,
AutoAnalysis.Line2.Point2.Type,0
AutoAnalysis.Line2.Point2.XY.X,
AutoAnalysis.Line2.Point2.XY.Y,
AutoAnalysis.Line2.Point2.Data.Var,
AutoAnalysis.Line2.Point2.Data.Condition,
AutoAnalysis.Line2.Point2.Data.Start,false
AutoAnalysis.Line2.Point2.Data.StartVar,
AutoAnalysis.Line2.Point2.Data.StartCondition,
AutoAnalysis.Line2.GradientExpr,0
AutoAnalysis.Marker.Enabled,false
AutoAnalysis.Marker.Data.Var,
AutoAnalysis.Marker.Data.Condition,
AutoAnalysis.Marker.Data.Start,false
AutoAnalysis.Marker.Data.StartVar,
AutoAnalysis.Marker.Data.StartCondition,
V1,I1
0,9.636E-07
0.01,5.00027E-05
0.02,5.00026E-05
0.03,5.00026E-05
0.04,5.00025E-05
0.05,5.00026E-05
0.06,5.00026E-05
0.07,5.00026E-05
0.08,5.00026E-05
0.09,5.00025E-05
0.1,5.00026E-05
0.11,5.00026E-05
0.12,5.00026E-05
0.13,5.00026E-05
0.14,5.00025E-05
0.15,5.00025E-05
0.16,5.00026E-05
0.17,5.00026E-05
0.18,5.00025E-05
0.19,5.00026E-05
0.2,5.00025E-05
0.21,5.00025E-05
0.22,5.00026E-05
0.23,5.00025E-05
0.24,5.00025E-05
0.25,5.00026E-05
0.26,5.00025E-05
0.27,5.00025E-05
0.28,5.00025E-05
0.29,5.00026E-05
0.3,5.00025E-05
0.31,5.00026E-05
0.32,5.00025E-05
0.33,5.00025E-05
0.34,5.00025E-05
0.35,5.00025E-05
0.36,5.00025E-05
0.37,5.00026E-05
0.38,5.00024E-05
0.39,5.00025E-05
0.4,5.00025E-05
0.41,5.00025E-05
0.42,5.00025E-05
0.43,5.00025E-05
0.44,5.00025E-05
0.45,5.00025E-05
0.46,5.00025E-05
0.47,5.00025E-05
0.48,5.00025E-05
